Date,Operation,description,Error
"Sat, 23 Sep 2023 20:11:14 CST",parser,could not parse file: db/maildir/lokey-t/calendar/33,"parsing time ""Monday, March 12"" as ""Mon, _2 Jan 2006 15:04:05 -0700 (MST)"": cannot parse ""day, March 12"" as "", """
"Sun, 24 Sep 2023 14:13:45 CST",bulker,data bulker failed,"Post ""http://localhost:4080/api/_bulkv2"": dial tcp [::1]:4080: connectex: No connection could be made because the target machine actively refused it."
"Sun, 24 Sep 2023 14:13:47 CST",bulker,data bulker failed,"Post ""http://localhost:4080/api/_bulkv2"": dial tcp [::1]:4080: connectex: No connection could be made because the target machine actively refused it."
"Sun, 24 Sep 2023 14:13:49 CST",bulker,data bulker failed,"Post ""http://localhost:4080/api/_bulkv2"": dial tcp [::1]:4080: connectex: No connection could be made because the target machine actively refused it."
"Sun, 24 Sep 2023 14:13:52 CST",bulker,data bulker failed,"Post ""http://localhost:4080/api/_bulkv2"": dial tcp [::1]:4080: connectex: No connection could be made because the target machine actively refused it."
"Sun, 24 Sep 2023 14:13:54 CST",bulker,data bulker failed,"Post ""http://localhost:4080/api/_bulkv2"": dial tcp [::1]:4080: connectex: No connection could be made because the target machine actively refused it."
"Sun, 24 Sep 2023 14:13:56 CST",bulker,data bulker failed,"Post ""http://localhost:4080/api/_bulkv2"": dial tcp [::1]:4080: connectex: No connection could be made because the target machine actively refused it."
"Sun, 24 Sep 2023 14:13:59 CST",bulker,data bulker failed,"Post ""http://localhost:4080/api/_bulkv2"": dial tcp [::1]:4080: connectex: No connection could be made because the target machine actively refused it."
"Sun, 24 Sep 2023 14:14:01 CST",bulker,data bulker failed,"Post ""http://localhost:4080/api/_bulkv2"": dial tcp [::1]:4080: connectex: No connection could be made because the target machine actively refused it."
"Sun, 24 Sep 2023 14:14:03 CST",bulker,data bulker failed,"Post ""http://localhost:4080/api/_bulkv2"": dial tcp [::1]:4080: connectex: No connection could be made because the target machine actively refused it."
"Sun, 24 Sep 2023 14:14:06 CST",bulker,data bulker failed,"Post ""http://localhost:4080/api/_bulkv2"": dial tcp [::1]:4080: connectex: No connection could be made because the target machine actively refused it."
"Sun, 24 Sep 2023 14:14:08 CST",bulker,data bulker failed,"Post ""http://localhost:4080/api/_bulkv2"": dial tcp [::1]:4080: connectex: No connection could be made because the target machine actively refused it."
"Sun, 24 Sep 2023 14:14:10 CST",bulker,data bulker failed,"Post ""http://localhost:4080/api/_bulkv2"": dial tcp [::1]:4080: connectex: No connection could be made because the target machine actively refused it."
"Sun, 24 Sep 2023 14:14:13 CST",bulker,data bulker failed,"Post ""http://localhost:4080/api/_bulkv2"": dial tcp [::1]:4080: connectex: No connection could be made because the target machine actively refused it."
"Sun, 24 Sep 2023 14:14:15 CST",bulker,data bulker failed,"Post ""http://localhost:4080/api/_bulkv2"": dial tcp [::1]:4080: connectex: No connection could be made because the target machine actively refused it."
"Sun, 24 Sep 2023 14:14:18 CST",bulker,data bulker failed,"Post ""http://localhost:4080/api/_bulkv2"": dial tcp [::1]:4080: connectex: No connection could be made because the target machine actively refused it."
"Sun, 24 Sep 2023 14:14:20 CST",bulker,data bulker failed,"Post ""http://localhost:4080/api/_bulkv2"": dial tcp [::1]:4080: connectex: No connection could be made because the target machine actively refused it."
"Sun, 24 Sep 2023 14:14:22 CST",bulker,data bulker failed,"Post ""http://localhost:4080/api/_bulkv2"": dial tcp [::1]:4080: connectex: No connection could be made because the target machine actively refused it."
"Sun, 24 Sep 2023 14:14:25 CST",bulker,data bulker failed,"Post ""http://localhost:4080/api/_bulkv2"": dial tcp [::1]:4080: connectex: No connection could be made because the target machine actively refused it."
"Sun, 24 Sep 2023 14:14:27 CST",bulker,data bulker failed,"Post ""http://localhost:4080/api/_bulkv2"": dial tcp [::1]:4080: connectex: No connection could be made because the target machine actively refused it."
"Sun, 24 Sep 2023 14:14:29 CST",bulker,data bulker failed,"Post ""http://localhost:4080/api/_bulkv2"": dial tcp [::1]:4080: connectex: No connection could be made because the target machine actively refused it."
"Sun, 24 Sep 2023 14:14:32 CST",bulker,data bulker failed,"Post ""http://localhost:4080/api/_bulkv2"": dial tcp [::1]:4080: connectex: No connection could be made because the target machine actively refused it."
"Sun, 24 Sep 2023 14:14:34 CST",bulker,data bulker failed,"Post ""http://localhost:4080/api/_bulkv2"": dial tcp [::1]:4080: connectex: No connection could be made because the target machine actively refused it."
"Sun, 24 Sep 2023 14:14:36 CST",bulker,data bulker failed,"Post ""http://localhost:4080/api/_bulkv2"": dial tcp [::1]:4080: connectex: No connection could be made because the target machine actively refused it."
"Sun, 24 Sep 2023 14:14:39 CST",bulker,data bulker failed,"Post ""http://localhost:4080/api/_bulkv2"": dial tcp [::1]:4080: connectex: No connection could be made because the target machine actively refused it."
"Sun, 24 Sep 2023 14:14:41 CST",bulker,data bulker failed,"Post ""http://localhost:4080/api/_bulkv2"": dial tcp [::1]:4080: connectex: No connection could be made because the target machine actively refused it."
"Sun, 24 Sep 2023 14:14:43 CST",bulker,data bulker failed,"Post ""http://localhost:4080/api/_bulkv2"": dial tcp [::1]:4080: connectex: No connection could be made because the target machine actively refused it."
"Sun, 24 Sep 2023 14:14:46 CST",bulker,data bulker failed,"Post ""http://localhost:4080/api/_bulkv2"": dial tcp [::1]:4080: connectex: No connection could be made because the target machine actively refused it."
"Sun, 24 Sep 2023 14:14:48 CST",bulker,data bulker failed,"Post ""http://localhost:4080/api/_bulkv2"": dial tcp [::1]:4080: connectex: No connection could be made because the target machine actively refused it."
"Sun, 24 Sep 2023 14:14:50 CST",bulker,data bulker failed,"Post ""http://localhost:4080/api/_bulkv2"": dial tcp [::1]:4080: connectex: No connection could be made because the target machine actively refused it."
"Sun, 24 Sep 2023 14:14:53 CST",bulker,data bulker failed,"Post ""http://localhost:4080/api/_bulkv2"": dial tcp [::1]:4080: connectex: No connection could be made because the target machine actively refused it."
"Sun, 24 Sep 2023 14:15:56 CST",bulker,data bulker failed,"Post ""http://localhost:4080/api/_bulkv2"": dial tcp [::1]:4080: connectex: No connection could be made because the target machine actively refused it."
